{"cameraMode":{"drawMode":0,"name":"Shaded","section":"Shading Mode"},"sceneLighting":true,"audioPlay":false,"sceneViewState":{"m_AlwaysRefresh":false,"showFog":true,"showSkybox":true,"showFlares":true,"showImageEffects":true,"showParticleSystems":true,"showVisualEffectGraphs":true,"m_FxEnabled":true},"in2DMode":false,"pivot":{"x":0.8698573708534241,"y":-2.8484482765197756,"z":9.648043632507325},"rotation":{"x":0.22011905908584596,"y":-0.02340889349579811,"z":0.005283998791128397,"w":0.9751848578453064},"size":8.976713180541993,"orthographic":true}