{"cameraMode":{"drawMode":0,"name":"Shaded","section":"Shading Mode"},"sceneLighting":true,"audioPlay":false,"sceneViewState":{"m_AlwaysRefresh":false,"showFog":true,"showSkybox":true,"showFlares":true,"showImageEffects":true,"showParticleSystems":true,"showVisualEffectGraphs":true,"m_FxEnabled":true},"in2DMode":false,"pivot":{"x":1.5894445180892945,"y":-3.400463104248047,"z":9.419726371765137},"rotation":{"x":0.22011905908584596,"y":-0.02340889349579811,"z":0.005283998791128397,"w":0.9751848578453064},"size":6.596344470977783,"orthographic":true}